File,Duration (s),Inference Time (s),Avg LogProb (Confidence),No Speech Prob,STT Unsure Flag,Trailing Silence (s),Turn Finished?,Audio Events (YAMNet),Transcript
PC.m4a,6.9,4.22,-0.119,0.049,NO,1.3,YES,"Speech
 (0.77), Noise
 (0.04), White noise
 (0.03)",मेरा काटा बुक पर बाही कटा सिंक नहीं हो रहा
kb1.m4a,8.7,2.35,-0.184,0.065,NO,1.8,YES,"Speech
 (0.60), Water
 (0.07), Vehicle
 (0.06)",मेरी स्रावनित्रों प्लान एको नहीं हुआ है। रुपिये से पेमेंट कर दीदी।
LICS.m4a,9.3,1.94,-0.178,0.014,NO,1.92,YES,"Speech
 (0.82), White noise
 (0.04), Inside (0.03)","मेरा refund process start हुआ है नहीं, status अभी टेक पेंडिंग दिका रहा है"
PE.m4a,10.0,2.14,-0.108,0.033,NO,1.9,YES,"Speech
 (0.80), Pink noise
 (0.05), Noise
 (0.04)",आहा आप लोग मेरा कॉल दो बार कट कर चुका हो मैनेजर से बाट बोलो
nbdid.m4a,8.8,1.48,-0.302,0.171,NO,2.8,YES,"Speech
 (0.71), Rustle
 (0.04), Wind
 (0.03)","हाँ, order id है 984450"
EOT.m4a,10.2,1.7,-0.232,0.154,NO,2.2,YES,"Speech
 (0.57), Rustle
 (0.16), Pink noise
 (0.15)",मेरा एकॉंट नमबर है 492810
DMF.m4a,9.6,1.83,-0.128,0.124,NO,1.82,YES,"Speech
 (0.83), Pink noise
 (0.05), Rustle
 (0.04)",मैने 25 सेटेंबर 2026 को 3500 रूपीज सेंट किया टी
OOVB.m4a,9.1,1.98,-0.143,0.016,NO,2.68,YES,"Speech
 (0.72), Rustle
 (0.10), Pink noise
 (0.08)",मेरा सर्चेक्स कॉर्ड का कैसबेक क्लेव रिसेक्ट हो गई है।
